video_url,upload_date,playlist_url,duration_in_sec
https://www.youtube.com/watch?v=w0zDGl6WjEY,2024-03-27,https://www.youtube.com/watch?v=TPn8sw3Y62I&list=PLicTqr8FmbjxeERVEIIpwpNCZ37jnjX7b&index=2,1219.0
https://www.youtube.com/watch?v=TPn8sw3Y62I,2024-03-26,https://www.youtube.com/watch?v=TPn8sw3Y62I&list=PLicTqr8FmbjxeERVEIIpwpNCZ37jnjX7b&index=2,1322.0
https://www.youtube.com/watch?v=QPWxe4VZnTg,2024-03-24,https://www.youtube.com/watch?v=TPn8sw3Y62I&list=PLicTqr8FmbjxeERVEIIpwpNCZ37jnjX7b&index=2,1651.0
https://www.youtube.com/watch?v=YdbSRBJq1Gk,2024-03-24,https://www.youtube.com/watch?v=TPn8sw3Y62I&list=PLicTqr8FmbjxeERVEIIpwpNCZ37jnjX7b&index=2,1360.0
https://www.youtube.com/watch?v=ChaMHN8_Nlg,2024-03-23,https://www.youtube.com/watch?v=TPn8sw3Y62I&list=PLicTqr8FmbjxeERVEIIpwpNCZ37jnjX7b&index=2,1371.0
https://www.youtube.com/watch?v=F4QlQMtObxo,2024-03-21,https://www.youtube.com/watch?v=TPn8sw3Y62I&list=PLicTqr8FmbjxeERVEIIpwpNCZ37jnjX7b&index=2,682.0
https://www.youtube.com/watch?v=TeObxC8yls4,2024-03-21,https://www.youtube.com/watch?v=TPn8sw3Y62I&list=PLicTqr8FmbjxeERVEIIpwpNCZ37jnjX7b&index=2,1520.0
https://www.youtube.com/watch?v=p8FHYk19UKA,2024-03-20,https://www.youtube.com/watch?v=TPn8sw3Y62I&list=PLicTqr8FmbjxeERVEIIpwpNCZ37jnjX7b&index=2,1682.0
https://www.youtube.com/watch?v=SOeclsy-Pu0,2024-03-19,https://www.youtube.com/watch?v=TPn8sw3Y62I&list=PLicTqr8FmbjxeERVEIIpwpNCZ37jnjX7b&index=2,1851.0
https://www.youtube.com/watch?v=hrB5R4IJxzM,2024-03-17,https://www.youtube.com/watch?v=TPn8sw3Y62I&list=PLicTqr8FmbjxeERVEIIpwpNCZ37jnjX7b&index=2,2223.0
https://www.youtube.com/watch?v=qRzMHsibJIc,2024-03-17,https://www.youtube.com/watch?v=TPn8sw3Y62I&list=PLicTqr8FmbjxeERVEIIpwpNCZ37jnjX7b&index=2,1505.0
https://www.youtube.com/watch?v=qYzgfxbZGbs,2024-03-16,https://www.youtube.com/watch?v=TPn8sw3Y62I&list=PLicTqr8FmbjxeERVEIIpwpNCZ37jnjX7b&index=2,1859.0
https://www.youtube.com/watch?v=gq2A_-6I7FA,2024-03-15,https://www.youtube.com/watch?v=TPn8sw3Y62I&list=PLicTqr8FmbjxeERVEIIpwpNCZ37jnjX7b&index=2,1634.0
https://www.youtube.com/watch?v=z876s3SrfP8,2024-03-14,https://www.youtube.com/watch?v=TPn8sw3Y62I&list=PLicTqr8FmbjxeERVEIIpwpNCZ37jnjX7b&index=2,2037.0
https://www.youtube.com/watch?v=UKbP_gAKVCQ,2024-03-13,https://www.youtube.com/watch?v=TPn8sw3Y62I&list=PLicTqr8FmbjxeERVEIIpwpNCZ37jnjX7b&index=2,1679.0
https://www.youtube.com/watch?v=nJslpChw2gE,2024-03-12,https://www.youtube.com/watch?v=nJslpChw2gE&list=PLicTqr8FmbjwCqJcJhtqYIInKblXRv4rK&index=1,133.0
https://www.youtube.com/watch?v=Iw8X8-Vi7SY,2024-03-12,https://www.youtube.com/watch?v=nJslpChw2gE&list=PLicTqr8FmbjwCqJcJhtqYIInKblXRv4rK&index=1,178.0
https://www.youtube.com/watch?v=BlJqzkFWoco,2024-03-12,https://www.youtube.com/watch?v=nJslpChw2gE&list=PLicTqr8FmbjwCqJcJhtqYIInKblXRv4rK&index=1,246.0
https://www.youtube.com/watch?v=ETy0YwcZJrg,2024-03-12,https://www.youtube.com/watch?v=nJslpChw2gE&list=PLicTqr8FmbjwCqJcJhtqYIInKblXRv4rK&index=1,289.0
https://www.youtube.com/watch?v=vYeMNE4d-Ps,2024-03-12,https://www.youtube.com/watch?v=nJslpChw2gE&list=PLicTqr8FmbjwCqJcJhtqYIInKblXRv4rK&index=1,95.0
https://www.youtube.com/watch?v=K33miV83_iA,2024-03-13,https://www.youtube.com/watch?v=nJslpChw2gE&list=PLicTqr8FmbjwCqJcJhtqYIInKblXRv4rK&index=1,111.0
https://www.youtube.com/watch?v=iyGDYHGALKM,2024-03-13,https://www.youtube.com/watch?v=nJslpChw2gE&list=PLicTqr8FmbjwCqJcJhtqYIInKblXRv4rK&index=1,102.0
https://www.youtube.com/watch?v=Rhpq2tl6j5I,2024-03-13,https://www.youtube.com/watch?v=nJslpChw2gE&list=PLicTqr8FmbjwCqJcJhtqYIInKblXRv4rK&index=1,179.0
https://www.youtube.com/watch?v=VUm1E4inAf0,2024-03-13,https://www.youtube.com/watch?v=nJslpChw2gE&list=PLicTqr8FmbjwCqJcJhtqYIInKblXRv4rK&index=1,163.0
https://www.youtube.com/watch?v=NrlQKUXM69k,2024-03-13,https://www.youtube.com/watch?v=nJslpChw2gE&list=PLicTqr8FmbjwCqJcJhtqYIInKblXRv4rK&index=1,235.0
https://www.youtube.com/watch?v=TlHUgMccvtE,2024-03-13,https://www.youtube.com/watch?v=nJslpChw2gE&list=PLicTqr8FmbjwCqJcJhtqYIInKblXRv4rK&index=1,128.0
https://www.youtube.com/watch?v=xilnPgecfG4,2024-03-16,https://www.youtube.com/watch?v=nJslpChw2gE&list=PLicTqr8FmbjwCqJcJhtqYIInKblXRv4rK&index=1,145.0
https://www.youtube.com/watch?v=RLdHA6GnEds,2024-03-16,https://www.youtube.com/watch?v=nJslpChw2gE&list=PLicTqr8FmbjwCqJcJhtqYIInKblXRv4rK&index=1,146.0
https://www.youtube.com/watch?v=GWRmae3UKZk,2024-03-16,https://www.youtube.com/watch?v=nJslpChw2gE&list=PLicTqr8FmbjwCqJcJhtqYIInKblXRv4rK&index=1,106.0
https://www.youtube.com/watch?v=AplcewXfXPc,2024-03-16,https://www.youtube.com/watch?v=nJslpChw2gE&list=PLicTqr8FmbjwCqJcJhtqYIInKblXRv4rK&index=1,238.0
https://www.youtube.com/watch?v=m2JSLNw1MP4,2024-03-16,https://www.youtube.com/watch?v=nJslpChw2gE&list=PLicTqr8FmbjwCqJcJhtqYIInKblXRv4rK&index=1,224.0
https://www.youtube.com/watch?v=F9MevrA3TRc,2024-03-16,https://www.youtube.com/watch?v=nJslpChw2gE&list=PLicTqr8FmbjwCqJcJhtqYIInKblXRv4rK&index=1,147.0
https://www.youtube.com/watch?v=iVwJQgl3VDM,2024-03-16,https://www.youtube.com/watch?v=nJslpChw2gE&list=PLicTqr8FmbjwCqJcJhtqYIInKblXRv4rK&index=1,141.0
https://www.youtube.com/watch?v=dGbYdg7Fquk,2024-03-16,https://www.youtube.com/watch?v=nJslpChw2gE&list=PLicTqr8FmbjwCqJcJhtqYIInKblXRv4rK&index=1,151.0
https://www.youtube.com/watch?v=jVchp84rjLg,2024-03-17,https://www.youtube.com/watch?v=nJslpChw2gE&list=PLicTqr8FmbjwCqJcJhtqYIInKblXRv4rK&index=1,296.0
https://www.youtube.com/watch?v=macgp-KwcbI,2024-03-17,https://www.youtube.com/watch?v=nJslpChw2gE&list=PLicTqr8FmbjwCqJcJhtqYIInKblXRv4rK&index=1,224.0
https://www.youtube.com/watch?v=5VSGLaGlQbU,2024-03-17,https://www.youtube.com/watch?v=nJslpChw2gE&list=PLicTqr8FmbjwCqJcJhtqYIInKblXRv4rK&index=1,344.0
https://www.youtube.com/watch?v=b47ZNdC_qZY,2024-03-16,https://www.youtube.com/watch?v=nJslpChw2gE&list=PLicTqr8FmbjwCqJcJhtqYIInKblXRv4rK&index=1,65.0
https://www.youtube.com/watch?v=E9wHvtVaFJM,2024-03-16,https://www.youtube.com/watch?v=nJslpChw2gE&list=PLicTqr8FmbjwCqJcJhtqYIInKblXRv4rK&index=1,240.0
https://www.youtube.com/watch?v=lF2CQVaeICM,2024-03-17,https://www.youtube.com/watch?v=nJslpChw2gE&list=PLicTqr8FmbjwCqJcJhtqYIInKblXRv4rK&index=1,226.0
https://www.youtube.com/watch?v=ATodfikybYc,2024-03-17,https://www.youtube.com/watch?v=nJslpChw2gE&list=PLicTqr8FmbjwCqJcJhtqYIInKblXRv4rK&index=1,366.0
https://www.youtube.com/watch?v=TR7Ilh1MTQA,2024-03-17,https://www.youtube.com/watch?v=nJslpChw2gE&list=PLicTqr8FmbjwCqJcJhtqYIInKblXRv4rK&index=1,252.0
https://www.youtube.com/watch?v=XIePh12H2GE,2024-03-17,https://www.youtube.com/watch?v=nJslpChw2gE&list=PLicTqr8FmbjwCqJcJhtqYIInKblXRv4rK&index=1,185.0
https://www.youtube.com/watch?v=P5xK9F55A4Y,2024-03-17,https://www.youtube.com/watch?v=nJslpChw2gE&list=PLicTqr8FmbjwCqJcJhtqYIInKblXRv4rK&index=1,75.0
https://www.youtube.com/watch?v=TVz3jee6HHg,2024-03-20,https://www.youtube.com/watch?v=nJslpChw2gE&list=PLicTqr8FmbjwCqJcJhtqYIInKblXRv4rK&index=1,87.0
https://www.youtube.com/watch?v=uN54hs6hrMg,2024-03-20,https://www.youtube.com/watch?v=nJslpChw2gE&list=PLicTqr8FmbjwCqJcJhtqYIInKblXRv4rK&index=1,176.0
https://www.youtube.com/watch?v=vZ9dAiiC8gU,2024-03-20,https://www.youtube.com/watch?v=nJslpChw2gE&list=PLicTqr8FmbjwCqJcJhtqYIInKblXRv4rK&index=1,214.0
https://www.youtube.com/watch?v=JfXMyhDmv2o,2024-03-21,https://www.youtube.com/watch?v=nJslpChw2gE&list=PLicTqr8FmbjwCqJcJhtqYIInKblXRv4rK&index=1,214.0
https://www.youtube.com/watch?v=PdRaWgNcRcg,2024-03-21,https://www.youtube.com/watch?v=nJslpChw2gE&list=PLicTqr8FmbjwCqJcJhtqYIInKblXRv4rK&index=1,63.0
https://www.youtube.com/watch?v=Tu50DBbhieE,2024-03-21,https://www.youtube.com/watch?v=nJslpChw2gE&list=PLicTqr8FmbjwCqJcJhtqYIInKblXRv4rK&index=1,98.0
https://www.youtube.com/watch?v=IFVsCzIx80U,2024-03-21,https://www.youtube.com/watch?v=nJslpChw2gE&list=PLicTqr8FmbjwCqJcJhtqYIInKblXRv4rK&index=1,143.0
https://www.youtube.com/watch?v=0-JrYUBG_tU,2024-03-21,https://www.youtube.com/watch?v=nJslpChw2gE&list=PLicTqr8FmbjwCqJcJhtqYIInKblXRv4rK&index=1,105.0
https://www.youtube.com/watch?v=OMLTIBc-7oI,2024-03-21,https://www.youtube.com/watch?v=nJslpChw2gE&list=PLicTqr8FmbjwCqJcJhtqYIInKblXRv4rK&index=1,162.0
https://www.youtube.com/watch?v=_GdrMFytJ7c,2024-03-21,https://www.youtube.com/watch?v=nJslpChw2gE&list=PLicTqr8FmbjwCqJcJhtqYIInKblXRv4rK&index=1,89.0
https://www.youtube.com/watch?v=lgaeknL0E0s,2024-03-21,https://www.youtube.com/watch?v=nJslpChw2gE&list=PLicTqr8FmbjwCqJcJhtqYIInKblXRv4rK&index=1,135.0
https://www.youtube.com/watch?v=RoMElTD7IYY,2024-03-22,https://www.youtube.com/watch?v=nJslpChw2gE&list=PLicTqr8FmbjwCqJcJhtqYIInKblXRv4rK&index=1,138.0
https://www.youtube.com/watch?v=1rHoEFvRIXI,2024-03-23,https://www.youtube.com/watch?v=nJslpChw2gE&list=PLicTqr8FmbjwCqJcJhtqYIInKblXRv4rK&index=1,173.0
https://www.youtube.com/watch?v=r-28wrzrygA,2024-03-23,https://www.youtube.com/watch?v=nJslpChw2gE&list=PLicTqr8FmbjwCqJcJhtqYIInKblXRv4rK&index=1,144.0
https://www.youtube.com/watch?v=c165M-TiZKI,2024-03-23,https://www.youtube.com/watch?v=nJslpChw2gE&list=PLicTqr8FmbjwCqJcJhtqYIInKblXRv4rK&index=1,108.0
https://www.youtube.com/watch?v=SPn7R24mHW0,2024-03-23,https://www.youtube.com/watch?v=nJslpChw2gE&list=PLicTqr8FmbjwCqJcJhtqYIInKblXRv4rK&index=1,153.0
https://www.youtube.com/watch?v=UJ08OWsqtjs,2024-03-23,https://www.youtube.com/watch?v=nJslpChw2gE&list=PLicTqr8FmbjwCqJcJhtqYIInKblXRv4rK&index=1,65.0
https://www.youtube.com/watch?v=ClwOKfYfJ0o,2024-03-23,https://www.youtube.com/watch?v=nJslpChw2gE&list=PLicTqr8FmbjwCqJcJhtqYIInKblXRv4rK&index=1,71.0
https://www.youtube.com/watch?v=cGlZwR5aQkk,2024-03-23,https://www.youtube.com/watch?v=nJslpChw2gE&list=PLicTqr8FmbjwCqJcJhtqYIInKblXRv4rK&index=1,90.0
https://www.youtube.com/watch?v=xHEzQUxu0To,2024-03-23,https://www.youtube.com/watch?v=nJslpChw2gE&list=PLicTqr8FmbjwCqJcJhtqYIInKblXRv4rK&index=1,70.0
https://www.youtube.com/watch?v=jWbDz8YTAC8,2024-03-23,https://www.youtube.com/watch?v=nJslpChw2gE&list=PLicTqr8FmbjwCqJcJhtqYIInKblXRv4rK&index=1,113.0
https://www.youtube.com/watch?v=MwAvG9o0sRQ,2024-03-23,https://www.youtube.com/watch?v=nJslpChw2gE&list=PLicTqr8FmbjwCqJcJhtqYIInKblXRv4rK&index=1,196.0
https://www.youtube.com/watch?v=uREO5SWpk5c,2024-03-24,https://www.youtube.com/watch?v=nJslpChw2gE&list=PLicTqr8FmbjwCqJcJhtqYIInKblXRv4rK&index=1,80.0
https://www.youtube.com/watch?v=omzl9RLMpfs,2024-03-24,https://www.youtube.com/watch?v=nJslpChw2gE&list=PLicTqr8FmbjwCqJcJhtqYIInKblXRv4rK&index=1,193.0
https://www.youtube.com/watch?v=uKWCoLK23Y0,2024-03-24,https://www.youtube.com/watch?v=nJslpChw2gE&list=PLicTqr8FmbjwCqJcJhtqYIInKblXRv4rK&index=1,70.0
https://www.youtube.com/watch?v=0J_uMhH-lbc,2024-03-24,https://www.youtube.com/watch?v=nJslpChw2gE&list=PLicTqr8FmbjwCqJcJhtqYIInKblXRv4rK&index=1,128.0
https://www.youtube.com/watch?v=QyWiD9hRwms,2024-03-24,https://www.youtube.com/watch?v=nJslpChw2gE&list=PLicTqr8FmbjwCqJcJhtqYIInKblXRv4rK&index=1,170.0
https://www.youtube.com/watch?v=Gk18AUd3hQ0,2024-03-25,https://www.youtube.com/watch?v=nJslpChw2gE&list=PLicTqr8FmbjwCqJcJhtqYIInKblXRv4rK&index=1,72.0
https://www.youtube.com/watch?v=-VLE4T1phB4,2024-03-25,https://www.youtube.com/watch?v=nJslpChw2gE&list=PLicTqr8FmbjwCqJcJhtqYIInKblXRv4rK&index=1,104.0
https://www.youtube.com/watch?v=pqo7PzQ6bnw,2024-03-25,https://www.youtube.com/watch?v=nJslpChw2gE&list=PLicTqr8FmbjwCqJcJhtqYIInKblXRv4rK&index=1,78.0
https://www.youtube.com/watch?v=e8RS1vKab9A,2024-03-25,https://www.youtube.com/watch?v=nJslpChw2gE&list=PLicTqr8FmbjwCqJcJhtqYIInKblXRv4rK&index=1,114.0
https://www.youtube.com/watch?v=j675ALysyPg,2024-03-25,https://www.youtube.com/watch?v=nJslpChw2gE&list=PLicTqr8FmbjwCqJcJhtqYIInKblXRv4rK&index=1,157.0
https://www.youtube.com/watch?v=k78xmoJ7Bh0,2024-03-26,https://www.youtube.com/watch?v=nJslpChw2gE&list=PLicTqr8FmbjwCqJcJhtqYIInKblXRv4rK&index=1,67.0
https://www.youtube.com/watch?v=sJPhdhTFgx0,2024-03-26,https://www.youtube.com/watch?v=nJslpChw2gE&list=PLicTqr8FmbjwCqJcJhtqYIInKblXRv4rK&index=1,86.0
https://www.youtube.com/watch?v=7I4L6JcqYag,2024-03-26,https://www.youtube.com/watch?v=nJslpChw2gE&list=PLicTqr8FmbjwCqJcJhtqYIInKblXRv4rK&index=1,96.0
https://www.youtube.com/watch?v=qLdQPqrKnIc,2024-03-26,https://www.youtube.com/watch?v=nJslpChw2gE&list=PLicTqr8FmbjwCqJcJhtqYIInKblXRv4rK&index=1,203.0
https://www.youtube.com/watch?v=XH4LpCaZNZk,2024-03-26,https://www.youtube.com/watch?v=nJslpChw2gE&list=PLicTqr8FmbjwCqJcJhtqYIInKblXRv4rK&index=1,165.0
https://www.youtube.com/watch?v=ui0uQDAYgUQ,2024-03-27,https://www.youtube.com/watch?v=nJslpChw2gE&list=PLicTqr8FmbjwCqJcJhtqYIInKblXRv4rK&index=1,243.0
https://www.youtube.com/watch?v=t7YzPchN85o,2024-03-27,https://www.youtube.com/watch?v=nJslpChw2gE&list=PLicTqr8FmbjwCqJcJhtqYIInKblXRv4rK&index=1,137.0
https://www.youtube.com/watch?v=cg724Qh4jfo,2024-03-27,https://www.youtube.com/watch?v=nJslpChw2gE&list=PLicTqr8FmbjwCqJcJhtqYIInKblXRv4rK&index=1,109.0
https://www.youtube.com/watch?v=E58zpEFGANc,2024-03-28,https://www.youtube.com/watch?v=nJslpChw2gE&list=PLicTqr8FmbjwCqJcJhtqYIInKblXRv4rK&index=1,76.0
https://www.youtube.com/watch?v=jGkLe0jLQiU,2024-03-28,https://www.youtube.com/watch?v=nJslpChw2gE&list=PLicTqr8FmbjwCqJcJhtqYIInKblXRv4rK&index=1,62.0
https://www.youtube.com/watch?v=9WDbcoqogxI,2024-03-28,https://www.youtube.com/watch?v=nJslpChw2gE&list=PLicTqr8FmbjwCqJcJhtqYIInKblXRv4rK&index=1,119.0
https://www.youtube.com/watch?v=by5gVMwYSRM,2024-03-28,https://www.youtube.com/watch?v=nJslpChw2gE&list=PLicTqr8FmbjwCqJcJhtqYIInKblXRv4rK&index=1,292.0
https://www.youtube.com/watch?v=3K8w8yduL5s,2024-03-29,https://www.youtube.com/watch?v=nJslpChw2gE&list=PLicTqr8FmbjwCqJcJhtqYIInKblXRv4rK&index=1,97.0
https://www.youtube.com/watch?v=xr_7A0sUXpc,2024-03-29,https://www.youtube.com/watch?v=nJslpChw2gE&list=PLicTqr8FmbjwCqJcJhtqYIInKblXRv4rK&index=1,106.0
https://www.youtube.com/watch?v=j1js1p4VS10,2024-03-29,https://www.youtube.com/watch?v=nJslpChw2gE&list=PLicTqr8FmbjwCqJcJhtqYIInKblXRv4rK&index=1,80.0
https://www.youtube.com/watch?v=dfXJmZLtDfU,2024-03-29,https://www.youtube.com/watch?v=nJslpChw2gE&list=PLicTqr8FmbjwCqJcJhtqYIInKblXRv4rK&index=1,88.0
https://www.youtube.com/watch?v=r1duUdzp-zI,2024-04-01,https://www.youtube.com/watch?v=nJslpChw2gE&list=PLicTqr8FmbjwCqJcJhtqYIInKblXRv4rK&index=1,106.0
https://www.youtube.com/watch?v=vyBRP9mxSGU,2024-04-01,https://www.youtube.com/watch?v=nJslpChw2gE&list=PLicTqr8FmbjwCqJcJhtqYIInKblXRv4rK&index=1,259.0
https://www.youtube.com/watch?v=pBcdXmpzEOQ,2024-04-09,https://www.youtube.com/watch?v=pBcdXmpzEOQ&list=PLicTqr8FmbjydClcLwH3dNOJcLBr9WNfa,816.0
https://www.youtube.com/watch?v=WuwlXPL_7TI,2024-04-08,https://www.youtube.com/watch?v=pBcdXmpzEOQ&list=PLicTqr8FmbjydClcLwH3dNOJcLBr9WNfa,922.0
https://www.youtube.com/watch?v=PLkTa0OdKMQ,2024-04-07,https://www.youtube.com/watch?v=pBcdXmpzEOQ&list=PLicTqr8FmbjydClcLwH3dNOJcLBr9WNfa,732.0
https://www.youtube.com/watch?v=KXeDAzxn5Dc,2024-04-06,https://www.youtube.com/watch?v=pBcdXmpzEOQ&list=PLicTqr8FmbjydClcLwH3dNOJcLBr9WNfa,826.0
https://www.youtube.com/watch?v=GmmNszb18OM,2024-04-05,https://www.youtube.com/watch?v=pBcdXmpzEOQ&list=PLicTqr8FmbjydClcLwH3dNOJcLBr9WNfa,906.0
https://www.youtube.com/watch?v=jHTwDC4Ditk,2024-04-04,https://www.youtube.com/watch?v=pBcdXmpzEOQ&list=PLicTqr8FmbjydClcLwH3dNOJcLBr9WNfa,789.0
https://www.youtube.com/watch?v=jGJz6tr4vxs,2024-04-03,https://www.youtube.com/watch?v=pBcdXmpzEOQ&list=PLicTqr8FmbjydClcLwH3dNOJcLBr9WNfa,791.0
https://www.youtube.com/watch?v=5w7UZX4cB2g,2024-04-02,https://www.youtube.com/watch?v=pBcdXmpzEOQ&list=PLicTqr8FmbjydClcLwH3dNOJcLBr9WNfa,848.0
https://www.youtube.com/watch?v=gP0DBsFA65w,2024-04-01,https://www.youtube.com/watch?v=pBcdXmpzEOQ&list=PLicTqr8FmbjydClcLwH3dNOJcLBr9WNfa,873.0
https://www.youtube.com/watch?v=fl4gpgRkaKc,2024-03-31,https://www.youtube.com/watch?v=pBcdXmpzEOQ&list=PLicTqr8FmbjydClcLwH3dNOJcLBr9WNfa,896.0
https://www.youtube.com/watch?v=40MbJaRCYmY,2024-03-31,https://www.youtube.com/watch?v=pBcdXmpzEOQ&list=PLicTqr8FmbjydClcLwH3dNOJcLBr9WNfa,849.0
https://www.youtube.com/watch?v=Q924tomTc4M,2024-03-29,https://www.youtube.com/watch?v=pBcdXmpzEOQ&list=PLicTqr8FmbjydClcLwH3dNOJcLBr9WNfa,849.0
https://www.youtube.com/watch?v=-kVjKWkXQ4Y,2024-03-28,https://www.youtube.com/watch?v=pBcdXmpzEOQ&list=PLicTqr8FmbjydClcLwH3dNOJcLBr9WNfa,1022.0
https://www.youtube.com/watch?v=1I0SSDrXV2g,2024-03-27,https://www.youtube.com/watch?v=pBcdXmpzEOQ&list=PLicTqr8FmbjydClcLwH3dNOJcLBr9WNfa,739.0
https://www.youtube.com/watch?v=EFR_GhagPvU,2024-03-26,https://www.youtube.com/watch?v=pBcdXmpzEOQ&list=PLicTqr8FmbjydClcLwH3dNOJcLBr9WNfa,995.0
https://www.youtube.com/watch?v=r17KEPPO9xo,2024-03-25,https://www.youtube.com/watch?v=pBcdXmpzEOQ&list=PLicTqr8FmbjydClcLwH3dNOJcLBr9WNfa,871.0
https://www.youtube.com/watch?v=0zJD3E_Q2M0,2024-03-25,https://www.youtube.com/watch?v=pBcdXmpzEOQ&list=PLicTqr8FmbjydClcLwH3dNOJcLBr9WNfa,1468.0
https://www.youtube.com/watch?v=yC5yKa2gKFc,2024-03-23,https://www.youtube.com/watch?v=pBcdXmpzEOQ&list=PLicTqr8FmbjydClcLwH3dNOJcLBr9WNfa,868.0
https://www.youtube.com/watch?v=cG5z0FDJWG0,2024-03-22,https://www.youtube.com/watch?v=pBcdXmpzEOQ&list=PLicTqr8FmbjydClcLwH3dNOJcLBr9WNfa,836.0
https://www.youtube.com/watch?v=kkVfk9yuzr8,2024-03-21,https://www.youtube.com/watch?v=pBcdXmpzEOQ&list=PLicTqr8FmbjydClcLwH3dNOJcLBr9WNfa,592.0
https://www.youtube.com/watch?v=kpq7AMKHVk4,2024-03-20,https://www.youtube.com/watch?v=pBcdXmpzEOQ&list=PLicTqr8FmbjydClcLwH3dNOJcLBr9WNfa,856.0
https://www.youtube.com/watch?v=KMDoSeoaRTw,2024-03-19,https://www.youtube.com/watch?v=pBcdXmpzEOQ&list=PLicTqr8FmbjydClcLwH3dNOJcLBr9WNfa,820.0
https://www.youtube.com/watch?v=LL6STLAutWc,2024-03-18,https://www.youtube.com/watch?v=pBcdXmpzEOQ&list=PLicTqr8FmbjydClcLwH3dNOJcLBr9WNfa,878.0
https://www.youtube.com/watch?v=opVi3fPocX4,2024-03-17,https://www.youtube.com/watch?v=pBcdXmpzEOQ&list=PLicTqr8FmbjydClcLwH3dNOJcLBr9WNfa,857.0
https://www.youtube.com/watch?v=jiCkVbiFNsI,2024-03-16,https://www.youtube.com/watch?v=pBcdXmpzEOQ&list=PLicTqr8FmbjydClcLwH3dNOJcLBr9WNfa,762.0
https://www.youtube.com/watch?v=WHnlkuAal2o,2024-03-15,https://www.youtube.com/watch?v=pBcdXmpzEOQ&list=PLicTqr8FmbjydClcLwH3dNOJcLBr9WNfa,846.0
https://www.youtube.com/watch?v=5hPk6aw-U78,2024-03-14,https://www.youtube.com/watch?v=pBcdXmpzEOQ&list=PLicTqr8FmbjydClcLwH3dNOJcLBr9WNfa,927.0
https://www.youtube.com/watch?v=kCSqNsDbgJI,2024-03-13,https://www.youtube.com/watch?v=pBcdXmpzEOQ&list=PLicTqr8FmbjydClcLwH3dNOJcLBr9WNfa,853.0
https://www.youtube.com/watch?v=8HNS--JLajM,2024-03-12,https://www.youtube.com/watch?v=pBcdXmpzEOQ&list=PLicTqr8FmbjydClcLwH3dNOJcLBr9WNfa,801.0
https://www.youtube.com/watch?v=NzMDi0juTM4,2024-11-09,https://www.youtube.com/watch?v=NzMDi0juTM4&list=PLicTqr8Fmbjwe2MRtdtKn-MofOeWSz77g,20097.0
https://www.youtube.com/watch?v=ttPhtgzR860,2024-11-09,https://www.youtube.com/watch?v=NzMDi0juTM4&list=PLicTqr8Fmbjwe2MRtdtKn-MofOeWSz77g,1952.0
https://www.youtube.com/watch?v=i24sRd5BoVw,2024-11-08,https://www.youtube.com/watch?v=NzMDi0juTM4&list=PLicTqr8Fmbjwe2MRtdtKn-MofOeWSz77g,5640.0
https://www.youtube.com/watch?v=7ACDC9S4ua4,2024-11-08,https://www.youtube.com/watch?v=NzMDi0juTM4&list=PLicTqr8Fmbjwe2MRtdtKn-MofOeWSz77g,12756.0
https://www.youtube.com/watch?v=EoxHotrNze0,2024-11-07,https://www.youtube.com/watch?v=NzMDi0juTM4&list=PLicTqr8Fmbjwe2MRtdtKn-MofOeWSz77g,4106.0
https://www.youtube.com/watch?v=meahB4D_Z-A,2024-11-07,https://www.youtube.com/watch?v=NzMDi0juTM4&list=PLicTqr8Fmbjwe2MRtdtKn-MofOeWSz77g,2807.0
https://www.youtube.com/watch?v=CcobqeAT38M,2024-03-24,https://www.youtube.com/watch?v=CcobqeAT38M&list=PLicTqr8Fmbjxze5Y_h5ArVO3smhsjagQn,1793.0
https://www.youtube.com/watch?v=7IxFoyEnrbo,2024-03-23,https://www.youtube.com/watch?v=CcobqeAT38M&list=PLicTqr8Fmbjxze5Y_h5ArVO3smhsjagQn,1580.0
https://www.youtube.com/watch?v=cZK280Syiw4,2024-03-22,https://www.youtube.com/watch?v=CcobqeAT38M&list=PLicTqr8Fmbjxze5Y_h5ArVO3smhsjagQn,1473.0
https://www.youtube.com/watch?v=GYwMR1CJ_dM,2024-03-21,https://www.youtube.com/watch?v=CcobqeAT38M&list=PLicTqr8Fmbjxze5Y_h5ArVO3smhsjagQn,1466.0
https://www.youtube.com/watch?v=viOFMkRyiwI,2024-03-20,https://www.youtube.com/watch?v=CcobqeAT38M&list=PLicTqr8Fmbjxze5Y_h5ArVO3smhsjagQn,1473.0
https://www.youtube.com/watch?v=LNOCa8qDgGg,2024-03-19,https://www.youtube.com/watch?v=CcobqeAT38M&list=PLicTqr8Fmbjxze5Y_h5ArVO3smhsjagQn,1531.0
https://www.youtube.com/watch?v=XI8bjaP_1nM,2024-03-18,https://www.youtube.com/watch?v=CcobqeAT38M&list=PLicTqr8Fmbjxze5Y_h5ArVO3smhsjagQn,1380.0
https://www.youtube.com/watch?v=dRkRaTbxIWk,2024-03-17,https://www.youtube.com/watch?v=CcobqeAT38M&list=PLicTqr8Fmbjxze5Y_h5ArVO3smhsjagQn,1533.0
https://www.youtube.com/watch?v=jHr562lkmdc,2024-03-16,https://www.youtube.com/watch?v=CcobqeAT38M&list=PLicTqr8Fmbjxze5Y_h5ArVO3smhsjagQn,1482.0
https://www.youtube.com/watch?v=LUxSYatRlG4,2024-03-15,https://www.youtube.com/watch?v=CcobqeAT38M&list=PLicTqr8Fmbjxze5Y_h5ArVO3smhsjagQn,1473.0
https://www.youtube.com/watch?v=UgbA4-WH6_U,2024-03-14,https://www.youtube.com/watch?v=CcobqeAT38M&list=PLicTqr8Fmbjxze5Y_h5ArVO3smhsjagQn,1645.0
https://www.youtube.com/watch?v=IXtbjGlto-k,2024-03-13,https://www.youtube.com/watch?v=CcobqeAT38M&list=PLicTqr8Fmbjxze5Y_h5ArVO3smhsjagQn,1537.0
https://www.youtube.com/watch?v=mH28pj9Yr1M,2024-03-12,https://www.youtube.com/watch?v=CcobqeAT38M&list=PLicTqr8Fmbjxze5Y_h5ArVO3smhsjagQn,1606.0
https://www.youtube.com/watch?v=8SHYsUpyRTc,2024-02-10,https://www.youtube.com/watch?v=3LCIVYfyXQQ&list=PLicTqr8FmbjzD8pGaRBEwXzUf7bCladlU&index=70,2938.0
https://www.youtube.com/watch?v=HfoHER9nR8s,2024-02-17,https://www.youtube.com/watch?v=3LCIVYfyXQQ&list=PLicTqr8FmbjzD8pGaRBEwXzUf7bCladlU&index=70,3574.0
https://www.youtube.com/watch?v=9S6I2ymrewY,2024-02-24,https://www.youtube.com/watch?v=3LCIVYfyXQQ&list=PLicTqr8FmbjzD8pGaRBEwXzUf7bCladlU&index=70,2785.0
https://www.youtube.com/watch?v=5mvaD636apI,2024-03-09,https://www.youtube.com/watch?v=3LCIVYfyXQQ&list=PLicTqr8FmbjzD8pGaRBEwXzUf7bCladlU&index=70,3656.0
https://www.youtube.com/watch?v=t1Wv7xje7kg,2024-05-04,https://www.youtube.com/watch?v=3LCIVYfyXQQ&list=PLicTqr8FmbjzD8pGaRBEwXzUf7bCladlU&index=70,3274.0
https://www.youtube.com/watch?v=cFRzdFQEcIk,2024-05-11,https://www.youtube.com/watch?v=3LCIVYfyXQQ&list=PLicTqr8FmbjzD8pGaRBEwXzUf7bCladlU&index=70,3095.0
https://www.youtube.com/watch?v=XA5HcUp-p2A,2024-05-18,https://www.youtube.com/watch?v=3LCIVYfyXQQ&list=PLicTqr8FmbjzD8pGaRBEwXzUf7bCladlU&index=70,4267.0
https://www.youtube.com/watch?v=-rHqcWOzDR8,2024-05-25,https://www.youtube.com/watch?v=3LCIVYfyXQQ&list=PLicTqr8FmbjzD8pGaRBEwXzUf7bCladlU&index=70,4068.0
https://www.youtube.com/watch?v=vFv3qbAXY_A,2024-06-01,https://www.youtube.com/watch?v=3LCIVYfyXQQ&list=PLicTqr8FmbjzD8pGaRBEwXzUf7bCladlU&index=70,3141.0
https://www.youtube.com/watch?v=jd_fZUHVcgI,2024-06-15,https://www.youtube.com/watch?v=3LCIVYfyXQQ&list=PLicTqr8FmbjzD8pGaRBEwXzUf7bCladlU&index=70,2861.0
https://www.youtube.com/watch?v=s-1_OBJr5vU,2024-06-22,https://www.youtube.com/watch?v=3LCIVYfyXQQ&list=PLicTqr8FmbjzD8pGaRBEwXzUf7bCladlU&index=70,3491.0
https://www.youtube.com/watch?v=Xn6qL5kFNBU,2024-06-29,https://www.youtube.com/watch?v=3LCIVYfyXQQ&list=PLicTqr8FmbjzD8pGaRBEwXzUf7bCladlU&index=70,3082.0
https://www.youtube.com/watch?v=hoFrKo9wOrQ,2024-07-06,https://www.youtube.com/watch?v=3LCIVYfyXQQ&list=PLicTqr8FmbjzD8pGaRBEwXzUf7bCladlU&index=70,2359.0
https://www.youtube.com/watch?v=QNlB61rz2p4,2024-07-13,https://www.youtube.com/watch?v=3LCIVYfyXQQ&list=PLicTqr8FmbjzD8pGaRBEwXzUf7bCladlU&index=70,2528.0
https://www.youtube.com/watch?v=oavZTEEMxn8,2024-07-20,https://www.youtube.com/watch?v=3LCIVYfyXQQ&list=PLicTqr8FmbjzD8pGaRBEwXzUf7bCladlU&index=70,3460.0
https://www.youtube.com/watch?v=KO95uJ7nzHg,2024-08-03,https://www.youtube.com/watch?v=3LCIVYfyXQQ&list=PLicTqr8FmbjzD8pGaRBEwXzUf7bCladlU&index=70,3575.0
https://www.youtube.com/watch?v=g8D2hWRoyjQ,2024-08-10,https://www.youtube.com/watch?v=3LCIVYfyXQQ&list=PLicTqr8FmbjzD8pGaRBEwXzUf7bCladlU&index=70,3346.0
https://www.youtube.com/watch?v=Wox6FZynT6c,2024-08-17,https://www.youtube.com/watch?v=3LCIVYfyXQQ&list=PLicTqr8FmbjzD8pGaRBEwXzUf7bCladlU&index=70,3333.0
https://www.youtube.com/watch?v=k3fapTiBztg,2024-08-31,https://www.youtube.com/watch?v=3LCIVYfyXQQ&list=PLicTqr8FmbjzD8pGaRBEwXzUf7bCladlU&index=70,2449.0
https://www.youtube.com/watch?v=EnjXBjWTKoY,2024-09-07,https://www.youtube.com/watch?v=3LCIVYfyXQQ&list=PLicTqr8FmbjzD8pGaRBEwXzUf7bCladlU&index=70,2968.0
https://www.youtube.com/watch?v=nFv5loSgvhE,2024-10-25,https://www.youtube.com/watch?v=3LCIVYfyXQQ&list=PLicTqr8FmbjzD8pGaRBEwXzUf7bCladlU&index=70,77.0
https://www.youtube.com/watch?v=56nmow7X26A,2024-11-02,https://www.youtube.com/watch?v=3LCIVYfyXQQ&list=PLicTqr8FmbjzD8pGaRBEwXzUf7bCladlU&index=70,2248.0
https://www.youtube.com/watch?v=jWQVxIMIWhQ,2024-11-23,https://www.youtube.com/watch?v=3LCIVYfyXQQ&list=PLicTqr8FmbjzD8pGaRBEwXzUf7bCladlU&index=70,2825.0
https://www.youtube.com/watch?v=hvdVKTor8Y4,2024-11-30,https://www.youtube.com/watch?v=3LCIVYfyXQQ&list=PLicTqr8FmbjzD8pGaRBEwXzUf7bCladlU&index=70,2125.0
https://www.youtube.com/watch?v=XzkhJHPW_Ps,2024-12-07,https://www.youtube.com/watch?v=3LCIVYfyXQQ&list=PLicTqr8FmbjzD8pGaRBEwXzUf7bCladlU&index=70,2562.0
https://www.youtube.com/watch?v=9tj1VFyFb6g,2024-12-14,https://www.youtube.com/watch?v=3LCIVYfyXQQ&list=PLicTqr8FmbjzD8pGaRBEwXzUf7bCladlU&index=70,3827.0
https://www.youtube.com/watch?v=92tcB9n4yAk,2024-12-21,https://www.youtube.com/watch?v=3LCIVYfyXQQ&list=PLicTqr8FmbjzD8pGaRBEwXzUf7bCladlU&index=70,4046.0
https://www.youtube.com/watch?v=HfzjaikRn_4,2025-01-04,https://www.youtube.com/watch?v=3LCIVYfyXQQ&list=PLicTqr8FmbjzD8pGaRBEwXzUf7bCladlU&index=70,3390.0
https://www.youtube.com/watch?v=uYbKk-jXy24,2025-01-18,https://www.youtube.com/watch?v=3LCIVYfyXQQ&list=PLicTqr8FmbjzD8pGaRBEwXzUf7bCladlU&index=70,3157.0
https://www.youtube.com/watch?v=mUSXNGVMvWI,2025-01-25,https://www.youtube.com/watch?v=3LCIVYfyXQQ&list=PLicTqr8FmbjzD8pGaRBEwXzUf7bCladlU&index=70,3031.0
https://www.youtube.com/watch?v=NUget6luGY0,2025-02-01,https://www.youtube.com/watch?v=3LCIVYfyXQQ&list=PLicTqr8FmbjzD8pGaRBEwXzUf7bCladlU&index=70,2791.0
https://www.youtube.com/watch?v=pfQ3Eo2xx8Y,2025-02-08,https://www.youtube.com/watch?v=3LCIVYfyXQQ&list=PLicTqr8FmbjzD8pGaRBEwXzUf7bCladlU&index=70,2652.0
https://www.youtube.com/watch?v=N6zdX7NmNnI,2025-02-15,https://www.youtube.com/watch?v=3LCIVYfyXQQ&list=PLicTqr8FmbjzD8pGaRBEwXzUf7bCladlU&index=70,2978.0
https://www.youtube.com/watch?v=3LCIVYfyXQQ,2025-02-22,https://www.youtube.com/watch?v=3LCIVYfyXQQ&list=PLicTqr8FmbjzD8pGaRBEwXzUf7bCladlU&index=70,2881.0
https://www.youtube.com/watch?v=bhFCLhLtUDQ,2024-03-12,https://www.youtube.com/watch?v=bhFCLhLtUDQ&list=PLicTqr8FmbjywsS3q99BbxRhR4I6o_8aS&index=1,139.0
https://www.youtube.com/watch?v=7PhE236tTx0,2024-03-12,https://www.youtube.com/watch?v=bhFCLhLtUDQ&list=PLicTqr8FmbjywsS3q99BbxRhR4I6o_8aS&index=1,197.0
https://www.youtube.com/watch?v=mrIyUjYBa4A,2024-03-12,https://www.youtube.com/watch?v=bhFCLhLtUDQ&list=PLicTqr8FmbjywsS3q99BbxRhR4I6o_8aS&index=1,153.0
https://www.youtube.com/watch?v=LAFBNCj3VqM,2024-03-13,https://www.youtube.com/watch?v=bhFCLhLtUDQ&list=PLicTqr8FmbjywsS3q99BbxRhR4I6o_8aS&index=1,233.0
https://www.youtube.com/watch?v=Nd8LHAbOAVI,2024-03-13,https://www.youtube.com/watch?v=bhFCLhLtUDQ&list=PLicTqr8FmbjywsS3q99BbxRhR4I6o_8aS&index=1,178.0
https://www.youtube.com/watch?v=Wwiz-0pz0HU,2024-03-13,https://www.youtube.com/watch?v=bhFCLhLtUDQ&list=PLicTqr8FmbjywsS3q99BbxRhR4I6o_8aS&index=1,166.0
https://www.youtube.com/watch?v=LRzFB7eghnU,2024-03-16,https://www.youtube.com/watch?v=bhFCLhLtUDQ&list=PLicTqr8FmbjywsS3q99BbxRhR4I6o_8aS&index=1,175.0
https://www.youtube.com/watch?v=2npWPtq_cjA,2024-03-16,https://www.youtube.com/watch?v=bhFCLhLtUDQ&list=PLicTqr8FmbjywsS3q99BbxRhR4I6o_8aS&index=1,108.0
https://www.youtube.com/watch?v=CnnI389y2fg,2024-03-16,https://www.youtube.com/watch?v=bhFCLhLtUDQ&list=PLicTqr8FmbjywsS3q99BbxRhR4I6o_8aS&index=1,111.0
https://www.youtube.com/watch?v=aCO-LTbJQ_U,2024-03-17,https://www.youtube.com/watch?v=bhFCLhLtUDQ&list=PLicTqr8FmbjywsS3q99BbxRhR4I6o_8aS&index=1,236.0
https://www.youtube.com/watch?v=RuqXHC0G11w,2024-03-17,https://www.youtube.com/watch?v=bhFCLhLtUDQ&list=PLicTqr8FmbjywsS3q99BbxRhR4I6o_8aS&index=1,104.0
https://www.youtube.com/watch?v=w0a57UFYkvc,2024-03-17,https://www.youtube.com/watch?v=bhFCLhLtUDQ&list=PLicTqr8FmbjywsS3q99BbxRhR4I6o_8aS&index=1,131.0
https://www.youtube.com/watch?v=ETvivVN8p5A,2024-03-17,https://www.youtube.com/watch?v=bhFCLhLtUDQ&list=PLicTqr8FmbjywsS3q99BbxRhR4I6o_8aS&index=1,71.0
https://www.youtube.com/watch?v=p1lg7I4ZA-I,2024-03-17,https://www.youtube.com/watch?v=bhFCLhLtUDQ&list=PLicTqr8FmbjywsS3q99BbxRhR4I6o_8aS&index=1,145.0
https://www.youtube.com/watch?v=joMRe1l2ih8,2024-03-17,https://www.youtube.com/watch?v=bhFCLhLtUDQ&list=PLicTqr8FmbjywsS3q99BbxRhR4I6o_8aS&index=1,160.0
https://www.youtube.com/watch?v=prjg0d8v638,2024-03-17,https://www.youtube.com/watch?v=bhFCLhLtUDQ&list=PLicTqr8FmbjywsS3q99BbxRhR4I6o_8aS&index=1,206.0
https://www.youtube.com/watch?v=ch43xtIMo7k,2024-03-20,https://www.youtube.com/watch?v=bhFCLhLtUDQ&list=PLicTqr8FmbjywsS3q99BbxRhR4I6o_8aS&index=1,81.0
https://www.youtube.com/watch?v=srWuaXajz4M,2024-03-20,https://www.youtube.com/watch?v=bhFCLhLtUDQ&list=PLicTqr8FmbjywsS3q99BbxRhR4I6o_8aS&index=1,81.0
https://www.youtube.com/watch?v=lVLcbQQPZsY,2024-03-21,https://www.youtube.com/watch?v=bhFCLhLtUDQ&list=PLicTqr8FmbjywsS3q99BbxRhR4I6o_8aS&index=1,74.0
https://www.youtube.com/watch?v=W7hxF5KGeX4,2024-03-21,https://www.youtube.com/watch?v=bhFCLhLtUDQ&list=PLicTqr8FmbjywsS3q99BbxRhR4I6o_8aS&index=1,161.0
https://www.youtube.com/watch?v=YPkXGychX3Q,2024-03-21,https://www.youtube.com/watch?v=bhFCLhLtUDQ&list=PLicTqr8FmbjywsS3q99BbxRhR4I6o_8aS&index=1,135.0
https://www.youtube.com/watch?v=aJqEXsEt9VQ,2024-03-23,https://www.youtube.com/watch?v=bhFCLhLtUDQ&list=PLicTqr8FmbjywsS3q99BbxRhR4I6o_8aS&index=1,184.0
https://www.youtube.com/watch?v=bXd6Vr4yIPQ,2024-03-23,https://www.youtube.com/watch?v=bhFCLhLtUDQ&list=PLicTqr8FmbjywsS3q99BbxRhR4I6o_8aS&index=1,191.0
https://www.youtube.com/watch?v=K54CvE33v18,2024-03-23,https://www.youtube.com/watch?v=bhFCLhLtUDQ&list=PLicTqr8FmbjywsS3q99BbxRhR4I6o_8aS&index=1,104.0
https://www.youtube.com/watch?v=o1LID0mY4aU,2024-03-23,https://www.youtube.com/watch?v=bhFCLhLtUDQ&list=PLicTqr8FmbjywsS3q99BbxRhR4I6o_8aS&index=1,154.0
https://www.youtube.com/watch?v=MU03IL8AMdw,2024-03-23,https://www.youtube.com/watch?v=bhFCLhLtUDQ&list=PLicTqr8FmbjywsS3q99BbxRhR4I6o_8aS&index=1,192.0
https://www.youtube.com/watch?v=VjoUWy4XY7Q,2024-03-24,https://www.youtube.com/watch?v=bhFCLhLtUDQ&list=PLicTqr8FmbjywsS3q99BbxRhR4I6o_8aS&index=1,138.0
https://www.youtube.com/watch?v=e2chVbsL-Lk,2024-03-24,https://www.youtube.com/watch?v=bhFCLhLtUDQ&list=PLicTqr8FmbjywsS3q99BbxRhR4I6o_8aS&index=1,351.0
https://www.youtube.com/watch?v=5hUpS3Bcl7E,2024-03-24,https://www.youtube.com/watch?v=bhFCLhLtUDQ&list=PLicTqr8FmbjywsS3q99BbxRhR4I6o_8aS&index=1,80.0
https://www.youtube.com/watch?v=n0weDdUyj-0,2024-03-24,https://www.youtube.com/watch?v=bhFCLhLtUDQ&list=PLicTqr8FmbjywsS3q99BbxRhR4I6o_8aS&index=1,61.0
https://www.youtube.com/watch?v=ziA1KWxHzoQ,2024-03-24,https://www.youtube.com/watch?v=bhFCLhLtUDQ&list=PLicTqr8FmbjywsS3q99BbxRhR4I6o_8aS&index=1,122.0
https://www.youtube.com/watch?v=L9V7RA2ydRo,2024-03-12,https://www.youtube.com/watch?v=L9V7RA2ydRo&list=PLicTqr8Fmbjy64FaElk9QS3LkLbf6n3qL&index=1,1253.0
https://www.youtube.com/watch?v=J3yj_Fw5Rx4,2024-03-13,https://www.youtube.com/watch?v=L9V7RA2ydRo&list=PLicTqr8Fmbjy64FaElk9QS3LkLbf6n3qL&index=1,1207.0
https://www.youtube.com/watch?v=ZiD2LmTLS3o,2024-03-14,https://www.youtube.com/watch?v=L9V7RA2ydRo&list=PLicTqr8Fmbjy64FaElk9QS3LkLbf6n3qL&index=1,1171.0
https://www.youtube.com/watch?v=2WOk1FIYGJg,2024-03-15,https://www.youtube.com/watch?v=L9V7RA2ydRo&list=PLicTqr8Fmbjy64FaElk9QS3LkLbf6n3qL&index=1,1373.0
https://www.youtube.com/watch?v=xl-f2MFyikg,2024-03-16,https://www.youtube.com/watch?v=L9V7RA2ydRo&list=PLicTqr8Fmbjy64FaElk9QS3LkLbf6n3qL&index=1,1403.0
https://www.youtube.com/watch?v=eu3uBlJoBkE,2024-03-17,https://www.youtube.com/watch?v=L9V7RA2ydRo&list=PLicTqr8Fmbjy64FaElk9QS3LkLbf6n3qL&index=1,1177.0
https://www.youtube.com/watch?v=PALW4iTw8Hk,2024-03-18,https://www.youtube.com/watch?v=L9V7RA2ydRo&list=PLicTqr8Fmbjy64FaElk9QS3LkLbf6n3qL&index=1,1291.0
https://www.youtube.com/watch?v=Oo0QDjCPBn8,2024-03-19,https://www.youtube.com/watch?v=L9V7RA2ydRo&list=PLicTqr8Fmbjy64FaElk9QS3LkLbf6n3qL&index=1,1234.0
https://www.youtube.com/watch?v=NZ07WBBZne8,2024-03-20,https://www.youtube.com/watch?v=L9V7RA2ydRo&list=PLicTqr8Fmbjy64FaElk9QS3LkLbf6n3qL&index=1,1169.0
https://www.youtube.com/watch?v=82F-am0rzDI,2024-03-21,https://www.youtube.com/watch?v=L9V7RA2ydRo&list=PLicTqr8Fmbjy64FaElk9QS3LkLbf6n3qL&index=1,1236.0
https://www.youtube.com/watch?v=SNeM5xBdQKY,2024-03-23,https://www.youtube.com/watch?v=L9V7RA2ydRo&list=PLicTqr8Fmbjy64FaElk9QS3LkLbf6n3qL&index=1,1203.0
https://www.youtube.com/watch?v=RD7fgDstxV4,2024-03-27,https://www.youtube.com/watch?v=L9V7RA2ydRo&list=PLicTqr8Fmbjy64FaElk9QS3LkLbf6n3qL&index=1,1201.0
https://www.youtube.com/watch?v=K4uTAjQyz08,2024-03-27,https://www.youtube.com/watch?v=L9V7RA2ydRo&list=PLicTqr8Fmbjy64FaElk9QS3LkLbf6n3qL&index=1,1230.0
https://www.youtube.com/watch?v=ewZFhgnOIc8,2024-03-28,https://www.youtube.com/watch?v=L9V7RA2ydRo&list=PLicTqr8Fmbjy64FaElk9QS3LkLbf6n3qL&index=1,1203.0
https://www.youtube.com/watch?v=1u-dkgXLr68,2024-03-28,https://www.youtube.com/watch?v=L9V7RA2ydRo&list=PLicTqr8Fmbjy64FaElk9QS3LkLbf6n3qL&index=1,1303.0
https://www.youtube.com/watch?v=TrCTp52AKxs,2024-03-28,https://www.youtube.com/watch?v=L9V7RA2ydRo&list=PLicTqr8Fmbjy64FaElk9QS3LkLbf6n3qL&index=1,1247.0
https://www.youtube.com/watch?v=HaFwDu-f37w,2024-03-29,https://www.youtube.com/watch?v=L9V7RA2ydRo&list=PLicTqr8Fmbjy64FaElk9QS3LkLbf6n3qL&index=1,1483.0
https://www.youtube.com/watch?v=Vvb-7bSmEyU,2024-04-11,https://www.youtube.com/watch?v=Vvb-7bSmEyU&list=PLicTqr8FmbjwyPodRqc7KENz6q47UbZyG&index=1,3166.0
https://www.youtube.com/watch?v=5jDGGfMWTmA,2024-04-10,https://www.youtube.com/watch?v=Vvb-7bSmEyU&list=PLicTqr8FmbjwyPodRqc7KENz6q47UbZyG&index=1,4013.0
https://www.youtube.com/watch?v=YS98-BGdd78,2024-04-09,https://www.youtube.com/watch?v=Vvb-7bSmEyU&list=PLicTqr8FmbjwyPodRqc7KENz6q47UbZyG&index=1,6457.0
https://www.youtube.com/watch?v=_9gUMTHBxeM,2024-04-08,https://www.youtube.com/watch?v=Vvb-7bSmEyU&list=PLicTqr8FmbjwyPodRqc7KENz6q47UbZyG&index=1,6944.0
https://www.youtube.com/watch?v=OHxVZucWhpA,2024-04-07,https://www.youtube.com/watch?v=Vvb-7bSmEyU&list=PLicTqr8FmbjwyPodRqc7KENz6q47UbZyG&index=1,6805.0
https://www.youtube.com/watch?v=iyDpb38TGqQ,2024-04-05,https://www.youtube.com/watch?v=Vvb-7bSmEyU&list=PLicTqr8FmbjwyPodRqc7KENz6q47UbZyG&index=1,7218.0
https://www.youtube.com/watch?v=glMmF3mhzdU,2024-04-04,https://www.youtube.com/watch?v=Vvb-7bSmEyU&list=PLicTqr8FmbjwyPodRqc7KENz6q47UbZyG&index=1,7003.0
https://www.youtube.com/watch?v=cAMKQjtlGTI,2024-04-03,https://www.youtube.com/watch?v=Vvb-7bSmEyU&list=PLicTqr8FmbjwyPodRqc7KENz6q47UbZyG&index=1,6427.0
https://www.youtube.com/watch?v=uzOHxMTxfjQ,2024-04-02,https://www.youtube.com/watch?v=Vvb-7bSmEyU&list=PLicTqr8FmbjwyPodRqc7KENz6q47UbZyG&index=1,7124.0
https://www.youtube.com/watch?v=ZUrAeXPdEb4,2024-04-01,https://www.youtube.com/watch?v=Vvb-7bSmEyU&list=PLicTqr8FmbjwyPodRqc7KENz6q47UbZyG&index=1,7020.0
https://www.youtube.com/watch?v=Byj3aNht04s,2024-03-31,https://www.youtube.com/watch?v=Vvb-7bSmEyU&list=PLicTqr8FmbjwyPodRqc7KENz6q47UbZyG&index=1,6894.0
https://www.youtube.com/watch?v=WQjRv25xXYo,2024-03-29,https://www.youtube.com/watch?v=Vvb-7bSmEyU&list=PLicTqr8FmbjwyPodRqc7KENz6q47UbZyG&index=1,7103.0
https://www.youtube.com/watch?v=vTZoE1StrgE,2024-03-28,https://www.youtube.com/watch?v=Vvb-7bSmEyU&list=PLicTqr8FmbjwyPodRqc7KENz6q47UbZyG&index=1,7045.0
https://www.youtube.com/watch?v=y8N8bqiZIno,2024-03-27,https://www.youtube.com/watch?v=Vvb-7bSmEyU&list=PLicTqr8FmbjwyPodRqc7KENz6q47UbZyG&index=1,6987.0
https://www.youtube.com/watch?v=8aM-O4WLPrY,2024-03-26,https://www.youtube.com/watch?v=Vvb-7bSmEyU&list=PLicTqr8FmbjwyPodRqc7KENz6q47UbZyG&index=1,1947.0
https://www.youtube.com/watch?v=tw7FmWmUh-c,2024-03-25,https://www.youtube.com/watch?v=Vvb-7bSmEyU&list=PLicTqr8FmbjwyPodRqc7KENz6q47UbZyG&index=1,7061.0
https://www.youtube.com/watch?v=S6EQ1D-G9dY,2024-03-24,https://www.youtube.com/watch?v=Vvb-7bSmEyU&list=PLicTqr8FmbjwyPodRqc7KENz6q47UbZyG&index=1,6738.0
https://www.youtube.com/watch?v=PaFmy14SXto,2024-03-22,https://www.youtube.com/watch?v=Vvb-7bSmEyU&list=PLicTqr8FmbjwyPodRqc7KENz6q47UbZyG&index=1,6849.0
https://www.youtube.com/watch?v=9chb8PlQQ8w,2024-03-21,https://www.youtube.com/watch?v=Vvb-7bSmEyU&list=PLicTqr8FmbjwyPodRqc7KENz6q47UbZyG&index=1,6884.0
https://www.youtube.com/watch?v=3kFjbQDT-ro,2024-03-20,https://www.youtube.com/watch?v=Vvb-7bSmEyU&list=PLicTqr8FmbjwyPodRqc7KENz6q47UbZyG&index=1,7322.0
https://www.youtube.com/watch?v=GecBtZxAh-0,2024-03-19,https://www.youtube.com/watch?v=Vvb-7bSmEyU&list=PLicTqr8FmbjwyPodRqc7KENz6q47UbZyG&index=1,7328.0
https://www.youtube.com/watch?v=1HyYF8oncio,2024-03-17,https://www.youtube.com/watch?v=Vvb-7bSmEyU&list=PLicTqr8FmbjwyPodRqc7KENz6q47UbZyG&index=1,825.0
https://www.youtube.com/watch?v=uJQOmYD7Bpk,2024-03-17,https://www.youtube.com/watch?v=Vvb-7bSmEyU&list=PLicTqr8FmbjwyPodRqc7KENz6q47UbZyG&index=1,6636.0
https://www.youtube.com/watch?v=FrcfqM1xTo0,2024-03-14,https://www.youtube.com/watch?v=Vvb-7bSmEyU&list=PLicTqr8FmbjwyPodRqc7KENz6q47UbZyG&index=1,497.0
https://www.youtube.com/watch?v=wsdDmVgEMfI,2024-03-13,https://www.youtube.com/watch?v=Vvb-7bSmEyU&list=PLicTqr8FmbjwyPodRqc7KENz6q47UbZyG&index=1,7019.0
https://www.youtube.com/watch?v=95gibin76NU,2024-03-14,https://www.youtube.com/watch?v=Vvb-7bSmEyU&list=PLicTqr8FmbjwyPodRqc7KENz6q47UbZyG&index=1,6544.0
https://www.youtube.com/watch?v=exVe7WhNrJk,2025-02-22,https://www.youtube.com/watch?v=NXZRePfUzWg&list=PLicTqr8FmbjzC77JCTPiJTu2MrMcCOL7b,4797.0
https://www.youtube.com/watch?v=NXZRePfUzWg,2025-02-15,https://www.youtube.com/watch?v=NXZRePfUzWg&list=PLicTqr8FmbjzC77JCTPiJTu2MrMcCOL7b,2193.0
https://www.youtube.com/watch?v=qLaEQE4Ijcg,2025-02-07,https://www.youtube.com/watch?v=NXZRePfUzWg&list=PLicTqr8FmbjzC77JCTPiJTu2MrMcCOL7b,2625.0
https://www.youtube.com/watch?v=T6p8_O1dqbE,2025-02-01,https://www.youtube.com/watch?v=NXZRePfUzWg&list=PLicTqr8FmbjzC77JCTPiJTu2MrMcCOL7b,2936.0
https://www.youtube.com/watch?v=gH0sO9QQm44,2025-01-25,https://www.youtube.com/watch?v=NXZRePfUzWg&list=PLicTqr8FmbjzC77JCTPiJTu2MrMcCOL7b,2516.0
https://www.youtube.com/watch?v=LRWNk-JnSxM,2025-01-18,https://www.youtube.com/watch?v=NXZRePfUzWg&list=PLicTqr8FmbjzC77JCTPiJTu2MrMcCOL7b,4792.0
https://www.youtube.com/watch?v=uGvt4608_b0,2025-01-11,https://www.youtube.com/watch?v=NXZRePfUzWg&list=PLicTqr8FmbjzC77JCTPiJTu2MrMcCOL7b,2525.0
https://www.youtube.com/watch?v=3ZV-yf8Rfbg,2025-01-04,https://www.youtube.com/watch?v=NXZRePfUzWg&list=PLicTqr8FmbjzC77JCTPiJTu2MrMcCOL7b,1934.0
https://www.youtube.com/watch?v=v16ukV2xONM,2024-12-21,https://www.youtube.com/watch?v=NXZRePfUzWg&list=PLicTqr8FmbjzC77JCTPiJTu2MrMcCOL7b,4796.0
https://www.youtube.com/watch?v=ao-e8wP_bx4,2024-12-14,https://www.youtube.com/watch?v=NXZRePfUzWg&list=PLicTqr8FmbjzC77JCTPiJTu2MrMcCOL7b,2943.0
https://www.youtube.com/watch?v=XwhtP8OMgtg,2024-11-23,https://www.youtube.com/watch?v=NXZRePfUzWg&list=PLicTqr8FmbjzC77JCTPiJTu2MrMcCOL7b,2877.0
https://www.youtube.com/watch?v=nUEWIVX0eMM,2024-11-15,https://www.youtube.com/watch?v=NXZRePfUzWg&list=PLicTqr8FmbjzC77JCTPiJTu2MrMcCOL7b,2325.0
https://www.youtube.com/watch?v=fs4zn5hjlTc,2024-11-09,https://www.youtube.com/watch?v=NXZRePfUzWg&list=PLicTqr8FmbjzC77JCTPiJTu2MrMcCOL7b,2938.0
https://www.youtube.com/watch?v=K96Jfmdqom8,2024-11-02,https://www.youtube.com/watch?v=NXZRePfUzWg&list=PLicTqr8FmbjzC77JCTPiJTu2MrMcCOL7b,3310.0
https://www.youtube.com/watch?v=aoedEgvUgDk,2024-10-19,https://www.youtube.com/watch?v=NXZRePfUzWg&list=PLicTqr8FmbjzC77JCTPiJTu2MrMcCOL7b,2757.0
https://www.youtube.com/watch?v=0UY_MjgLZWc,2024-10-12,https://www.youtube.com/watch?v=NXZRePfUzWg&list=PLicTqr8FmbjzC77JCTPiJTu2MrMcCOL7b,2888.0
https://www.youtube.com/watch?v=thC8s7JcxYo,2024-10-05,https://www.youtube.com/watch?v=NXZRePfUzWg&list=PLicTqr8FmbjzC77JCTPiJTu2MrMcCOL7b,2046.0
https://www.youtube.com/watch?v=75740n3Mng8,2024-09-28,https://www.youtube.com/watch?v=NXZRePfUzWg&list=PLicTqr8FmbjzC77JCTPiJTu2MrMcCOL7b,2567.0
https://www.youtube.com/watch?v=BMekgo_n-Rs,2024-09-21,https://www.youtube.com/watch?v=NXZRePfUzWg&list=PLicTqr8FmbjzC77JCTPiJTu2MrMcCOL7b,2511.0
https://www.youtube.com/watch?v=HY2SOJan0l0,2024-09-14,https://www.youtube.com/watch?v=NXZRePfUzWg&list=PLicTqr8FmbjzC77JCTPiJTu2MrMcCOL7b,2634.0
https://www.youtube.com/watch?v=qEMYaTIogkw,2024-09-07,https://www.youtube.com/watch?v=NXZRePfUzWg&list=PLicTqr8FmbjzC77JCTPiJTu2MrMcCOL7b,2544.0
https://www.youtube.com/watch?v=9t8n31GeSLM,2024-08-31,https://www.youtube.com/watch?v=NXZRePfUzWg&list=PLicTqr8FmbjzC77JCTPiJTu2MrMcCOL7b,2174.0
https://www.youtube.com/watch?v=t53hvagoJGc,2024-08-24,https://www.youtube.com/watch?v=NXZRePfUzWg&list=PLicTqr8FmbjzC77JCTPiJTu2MrMcCOL7b,2769.0
https://www.youtube.com/watch?v=G8kSeHkC0Mo,2024-08-17,https://www.youtube.com/watch?v=NXZRePfUzWg&list=PLicTqr8FmbjzC77JCTPiJTu2MrMcCOL7b,2463.0
https://www.youtube.com/watch?v=N1lT0q3aH98,2024-08-10,https://www.youtube.com/watch?v=NXZRePfUzWg&list=PLicTqr8FmbjzC77JCTPiJTu2MrMcCOL7b,3210.0
https://www.youtube.com/watch?v=yV1Jo9Q69IM,2024-08-03,https://www.youtube.com/watch?v=NXZRePfUzWg&list=PLicTqr8FmbjzC77JCTPiJTu2MrMcCOL7b,2962.0
https://www.youtube.com/watch?v=skMt-uT-zbM,2024-03-27,https://www.youtube.com/watch?v=skMt-uT-zbM&list=PLicTqr8FmbjwyaWMNP-VBvdBQ5kGIqENK,1315.0
https://www.youtube.com/watch?v=3Qr1w8BMb14,2024-03-26,https://www.youtube.com/watch?v=skMt-uT-zbM&list=PLicTqr8FmbjwyaWMNP-VBvdBQ5kGIqENK,1149.0
https://www.youtube.com/watch?v=PGIM5dgPRb4,2024-03-24,https://www.youtube.com/watch?v=skMt-uT-zbM&list=PLicTqr8FmbjwyaWMNP-VBvdBQ5kGIqENK,1061.0
https://www.youtube.com/watch?v=_T0LhZ3MiGE,2024-03-23,https://www.youtube.com/watch?v=skMt-uT-zbM&list=PLicTqr8FmbjwyaWMNP-VBvdBQ5kGIqENK,1032.0
https://www.youtube.com/watch?v=kUyuWWx0QMY,2024-03-23,https://www.youtube.com/watch?v=skMt-uT-zbM&list=PLicTqr8FmbjwyaWMNP-VBvdBQ5kGIqENK,1518.0
https://www.youtube.com/watch?v=Rj9I_H9EkdA,2024-03-22,https://www.youtube.com/watch?v=skMt-uT-zbM&list=PLicTqr8FmbjwyaWMNP-VBvdBQ5kGIqENK,1152.0
https://www.youtube.com/watch?v=TlPchf4e_Bw,2024-03-20,https://www.youtube.com/watch?v=skMt-uT-zbM&list=PLicTqr8FmbjwyaWMNP-VBvdBQ5kGIqENK,1020.0
https://www.youtube.com/watch?v=pQGoSRyKYVE,2024-03-28,https://www.youtube.com/watch?v=skMt-uT-zbM&list=PLicTqr8FmbjwyaWMNP-VBvdBQ5kGIqENK,1208.0
https://www.youtube.com/watch?v=MSvY6uhatFs,2024-03-19,https://www.youtube.com/watch?v=skMt-uT-zbM&list=PLicTqr8FmbjwyaWMNP-VBvdBQ5kGIqENK,1231.0
https://www.youtube.com/watch?v=mG16ejdf4Gs,2024-03-18,https://www.youtube.com/watch?v=skMt-uT-zbM&list=PLicTqr8FmbjwyaWMNP-VBvdBQ5kGIqENK,1370.0
https://www.youtube.com/watch?v=i9-kdZS--qY,2024-03-16,https://www.youtube.com/watch?v=skMt-uT-zbM&list=PLicTqr8FmbjwyaWMNP-VBvdBQ5kGIqENK,1817.0
https://www.youtube.com/watch?v=R5pU9CwARus,2024-03-16,https://www.youtube.com/watch?v=skMt-uT-zbM&list=PLicTqr8FmbjwyaWMNP-VBvdBQ5kGIqENK,1770.0
https://www.youtube.com/watch?v=X-lG00aHMrs,2024-03-14,https://www.youtube.com/watch?v=skMt-uT-zbM&list=PLicTqr8FmbjwyaWMNP-VBvdBQ5kGIqENK,2220.0
https://www.youtube.com/watch?v=YSseq8MLg6E,2024-03-15,https://www.youtube.com/watch?v=skMt-uT-zbM&list=PLicTqr8FmbjwyaWMNP-VBvdBQ5kGIqENK,1578.0
https://www.youtube.com/watch?v=WKqOmaXDKEg,2024-03-14,https://www.youtube.com/watch?v=skMt-uT-zbM&list=PLicTqr8FmbjwyaWMNP-VBvdBQ5kGIqENK,2557.0
https://www.youtube.com/watch?v=NgbMekYDRak,2024-03-13,https://www.youtube.com/watch?v=skMt-uT-zbM&list=PLicTqr8FmbjwyaWMNP-VBvdBQ5kGIqENK,2124.0
